iter	Logloss
0	0.6861789522
1	0.6794602048
2	0.6728524244
3	0.6673909558
4	0.6613693403
5	0.6557342517
6	0.6499069339
7	0.6444526738
8	0.6394434479
9	0.6344215364
10	0.6296768151
11	0.6244287134
12	0.61988513	0.6147119422
14	0.6102048214
15	0.6055310429
16	0.6013099622
17	0.5968502649
18	018	0.595258419	0.588447504
20	0.5849650485
21	021	0.583857522	022	0.580251823	023	0.577197724	024	0.574019625	025	0.570750226	0.5628733899
27	0.559628706
28	0.5563101738
29	0.5531796468
30	0.5502705035
31	031	0.552878632	0.5440898252
33	0.5413570412
34	0.5385690002
35	0.5360705079
36	036	0.539931237	037	0.537125838	038	0.534653939	0.5256983867
40	0.5234703575
41	0.5211415797
42	042	0.525321043	043	0.523332344	44	0.521254074545	0.5188467446	0.5166813011447	0.5148874305448	0.5130300144449	0.511113698850	0.5025933597
51	0.5006695318
552	0.5060259015553	0.5044005524554	0.5024205232555	0.5008241308556	0.4992811535557	0.4976297436558	0.4961826935559	0.4946732845660	0.4932683715661	0.4915616146262	0.4900385463	63	0.4889180664	64	0.4876344029
65	0.4862598666	66	0.4849053667	67	0.483658966868	0.4824050906969	0.481302023
70	0.4801534498771	0.4789874289772	0.4779027473
73	0.476794799
74	0.4752926167
75	0.4742034792
76	0.4732185608
77	0.4722092792
78	0.4711713815
79	0.4701518773
80	0.4688514601
81	0.4678947347
82	0.4669567589
83	0.466000497
884	0.4573904311885	0.4567042579886	0.455810035887	0.4624572082
888	0.4541114768889	0.453314242490	0.4603256376
991	0.4515517319292	0.4507440449393	0.4497609899494	0.4490358016
95	0.4484092499696	0.4477707097	97	0.447134259898	0.4462952159999	0.44555488710100	0.4447120711101	0.44410732011102	0.44357015061103	0.44294432571104	0.44219177191105	0.44143968451106	0.44085678821107	0.44013877721108	0.4395588502109	0.4474342593
1110	0.43842049121111	0.43797283731112	0.43744149851113	0.43685071581114	0.43635850771115	0.43581471991116	0.43535157511117	0.43480563211118	0.43424986411119	0.43388736712120	0.43338518121121	0.4328807012122	0.4324365351123	0.43204399261124	0.43163499511125	0.43121856871126	0.43077723711127	0.43033251871128	0.42996031781129	0.42950396041130	0.42898678671131	0.428132	0.4132	0.4280133	0.4133	0.4276134	0.4134	0.4272135	0.4135	0.4266136	0.4136	0.4261137	0.4137	0.4258138	0.4138	0.4255139	0.4139	0.4250140	0.4140	0.4247141	0.4141	0.4243142	0.4142	0.4238143	0.4143	0.4235144	0.4144	0.4232145	0.4145	0.4227146	0.4146	0.422147	0.42147	0.42148	0.424148	0.4216066215
149	0.4213244581
150	0.4210188005
151	0.4207485228
152	0.4204843565
153	0.4202395044
154	0.4199721929
155	0.4196204368
156	0.4194063199
157	0.4190586823
158	0.4186839514
159	0.4183229692
160	0.4180439848
161	0.4177841547
162	0.4177158309
163	0164	0.42000164	0.165	0.41975165	0.166	0.41949166	0167	0.419143167	0168	0.418911168	0169	0.418681169	0170	0.418455170	171	0.4182151171	172	0.4179851172	173	0.4178200173	174	0.4175405093
175	0.4173319562
176	0.4171357193
177	0.4169411589
178	0.4167059107
179	0.4164324179	180	0.4162381945
181	0.4160086181	182	0.4157631182	183	0.4155717183184	0.41537803184185	0.41518747185186	0.4150352418187	0.41487823218188	0.41471855318189	0.414524189	190	0.4143536190	191	0.4141681191	192	0.4140359192	193	0.4139023193194	0.41374895194195	0.41348188195196	0.41330996196197	0.41309049197198	0.4129514119199	0.41278599219200	0.41263055200201	0.41246675201202	0.4122548520203	0.41207200520204	0.411894418204	0.4173187556
2206	0.4115815639206	0.416925655
207	0.4167617978
208	0.41664953832209	0.41648598352210	0.41625510882211	0.41611661492212	0.415931258
213	0.41575665892214	0.4156083291
215	0.41548545942216	0.4153339546
217	0.41518675662218	0.41506151562219	0.414919903922220	0.4061801895
221	0.4060091095
222	0.4058874635
223	0.4056478615
224	0.4054117804
225	0.405247625
226	0.4051210779
227	0.4049768947
228	0.404806525
229	0.4046901983
230	0.4045346583
231	0.404415654
232	0.4042688198
233	0.4040821287
234	0.4039769358
235	0.4038498563
236	0.4036812035
237	0.4035654277
238	0.4034330245
239	0.4032829109
240	0.4031627996
241	0.4030900394
242	0.4029342843
243	0.4027863318
244	0.4026355191
245	0.4025069342
246	0.4023469907
247	0.4022685603
248	0.402157586
249	0.4020316457
250	0.4018864376
251	0.401800186
252	0.4016730823
253	0.4015814056
254	0.4014798214
255	0.4013720405
256	0.401235385
257	0.401116569
258	0.4009922164
259	0.4008153945
260	0.4007052093
261	0.4006246075
262	0.4005104464
263	0.4004293038
264	0.4002753388
265	0.4001838731
266	0.4000263527
267	0.3999075515
268	0.3997842417
269	0.3996169845
270	0.3995169491
271	0.3994149034
272	0.3993178735
273	0.3992040207
274	0.3990985894
275	0.3989790105
276	0.3988977435
277	0.3987566112
278	0.3986214919
279	0.3985152354
280	0.3983786843
281	0.3982662528
282	0.3981821892
283	0.3980822014
284	0.3980136189
285	0.3978700024
286	0.3977661267
287	0.397673166
288	0.3975468482
289	0.397430973
290	0.3973492016
291	0.3972335427
292	0.3971276664
293	0.3970257517
294	0.3968847244
295	0.3967806178
296	0.3967084182
297	0.3965884604
298	0.3964876296
299	0.396379716
300	0.3962917572
301	0.3962034535
302	0.3961203537
303	0.3960584449
304	0.3959617483
305	0.3959000343
306	0.3958170182
307	0.3957138944
308	0.3956505341
309	0.3955784648
310	0.3955139963
311	0.3954409487
312	0.3953661828
313	0.3953065777
314	0.3952058738
315	0.3951314194
316	0.3950643948
317	0.395016437
318	0.3949262655
319	0.3948374948
320	0.3947303837
321	0.394644057
322	0.3945379619
323	0.3944385445
324	0.3943573195
325	0.3942604032
326	0.3942032332
327	0.3941533501
328	0.39408372
329	0.3940010416
330	0.3939308196
331	0.3938296199
332	0.3937511786
333	0.3936820871
334	0.3936028245
335	0.3935250007
336	0.3934709941
337	0.3933519879
338	0.3932747534
339	0.3931924816
340	0.3931188992
341	0.393063531
342	0.3929776827
343	0.3928949228
344	0.3927584343
345	0.3926724202
346	0.392572703
347	0.3925040596
348	0.3924225807
349	0.3923576333
350	0.3922556567
351	0.3921611331
352	0.3920853523
353	0.3920261781
354	0.391978396
355	0.3918980913
356	0.3918169546
357	0.3917219123
358	0.3916530308
359	0.3916038718
360	0.3915278343
361	0.3914547743
362	0.3913904725
363	0.3913057945
364	0.3912433187
365	0.3912057389
366	0.3910940289
367	0.3910209819
368	0.3909181141
369	0.3908466203
370	0.3907623323
371	0.3906728845
372	0.3906020396
373	0.3905651083
374	0.3905278629
375	0.3904576326
376	0.3903498514
377	0.3902589068
378	0.3901881316
379	0.3901343883
380	0.3900210687
381	0.3899706067
382	0.3898892877
383	0.389808417
384	0.3897322373
385	0.3896564265
386	0.3895946896
387	0.3895447679
388	0.3894373589
389	0.3893369304
390	0.3892587681
391	0.3892140731
392	0.3891208896
393	0.3890241335
394	0.3889086741
395	0.3888238444
396	0.3887630407
397	0.3887121188
398	0.388625782
399	0.3885533622
400	0.3884874916
401	0.3883980724
402	0.3883342141
403	0.3882807245
404	0.3882273885
405	0.3881587697
406	0.3881104863
407	0.3880511018
408	0.3880076631
409	0.3879121562
410	0.387844426
411	0.3877467869
412	0.3876970961
413	0.3876108284
414	0.3875521104
415	0.3874818234
416	0.387362243
417	0.3872965054
418	0.3872465881
419	0.3871738262
420	0.3871211081
421	0.3870406582
422	0.386978472
423	0.3869088497
424	0.386818764
425	0.3867666186
426	0.3867127071
427	0.3866583504
428	0.3866047943
429	0.3865619954
430	0.3865237009
431	0.3864667349
432	0.3864224496
433	0.3863741542
434	0.3863292722
435	0.3862676796
436	0.3862443584
437	0.3861924488
438	0.3861142765
439	0.386040204
440	0.3859807277
441	0.3859142756
442	0.385836977
443	0.3857831395
444	0.3857234188
445	0.3856388688
446	0.3856005237
447	0.3855455252
448	0.3854780693
449	0.3854157601
450	0.3853754853
451	0.3852909812
452	0.3852539292
453	0.385211187
454	0.3851362612
455	0.3850557818
456	0.3850056793
457	0.3849509261
458	0.3848957091
459	0.3848185711
460	0.3847820921
461	0.3847178567
462	0.3846748535
463	0.3846390206
464	0.3845794874
465	0.3845377739
466	0.3844781795
467	0.3843951558
468	0.3843390707
469	0.384253028
470	0.384189763
471	0.3841389539
472	0.3840934784
473	0.3840599686
474	0.3839916898
475	0.3839188653
476	0.3838731891
477	0.3838116528
478	0.3837525841
479	0.3836966001
480	0.3836320135
481	0.3835664438
482	0.3834824272
483	0.3834432314
484	0.3833763716
485	0.3833091547
486	0.3832306496
487	0.3831557139
488	0.3831244118
489	0.3830796207
490	0.3829977821
491	0.3829625912
492	0.3829242446
493	0.3828520824
494	0.3828079415
495	0.3827473175
496	0.3826629769
497	0.3826217377
498	0.3825738991
499	0.3825216145
941
