iter	Passed	Remaining
0	5	2923
1	13	3389
2	22	3772
3	28	3540
4	33	3346
5	40	3301
6	47	3343
7	53	3307
8	60	3303
9	67	3302
10	74	3323
11	79	3240
12	84	3163
13	109	3795114	115	3721515	121	3661616	125	3571717	131	35218	124	3163
1919	149	3592020	155	35421	144	3144
22	151	3139
23	157	3119
24	162	3087
25	168	3070
2626	192	3372727	198	3342828	204	3322929	210	3293030	216	32731	203	2980
3232	228	3233333	234	3213434	240	3193535	247	31936	233	2925
37	240	2924
3838	266	3143939	271	3124040	279	3134141	285	31142	269	2860
43	275	2856
44	280	2836
45	288	2845
46	294	2836
47	299	2822
48	305	2814
49	311	2801
5050	338	2985151	344	29652	327	2763
53	334	2765
54	340	2757
55	347	2751
56	351	2735
57	356	2719
58	362	2706
59	367	2696
60	375	2703
61	381	2692
62	387	2687
63	393	2680
64	400	2679
65	405	2663
66	410	2655
67	416	2643
68	422	2636
69	430	2641
70	435	2633
71	442	2627
72	448	2623
73	455	2619
74	461	2616
75	467	2610
76	474	2609
77	480	2598
78	485	2587
79	490	2576
80	496	2568
81	502	2559
82	507	2551
8383	539	2678484	545	2668585	551	2658686	558	26587	539	2526
8888	573	2648989	578	26390	557	2504
9191	591	2629292	599	2629393	605	2619494	612	2612
95	618	2602
96	623	2599797	629	2589898	634	2579999	640	25610100	647	25510101	654	25510102	658	25310103	663	25210104	670	25210105	677	25110106	683	25010107	688	24910108	694	249109	673	2386
11110	707	24711111	713	24711112	719	24611113	725	24511114	731	24411115	736	24311116	743	24311117	749	24211118	754	24111119	761	24112120	767	24012121	774	23912122	782	23912123	789	23912124	795	23812125	802	23812126	808	23712127	814	23612128	820	23512129	825	23413130	830	23313131	835	23132132	841	23133133	847	23134134	853	23135135	862	23136136	868	23137137	873	22138138	880	22139139	886	22140140	892	22141141	899	22142142	905	22143143	913	22144144	919	22145145	925	22146146	932	22147147	938	22148148	945	2227
149	952	2222
150	957	2213
151	963	2205
152	970	2199
153	977	2195
154	983	2188
155	991	2187
156	997	2178
157	1003	2171
158	1009	2165
159	1015	2157
160	1022	2153
161	1032	2153
162	1035	2141
163	104164	102164	104165	103165	105166	104166	106167	104167	106168	105168	107169	106169	107170	106170	108171	107171	109172	107172	109173	108173	110174	1089	2023
175	1096	2018
176	1102	2011
177	1108	2005
178	1115	1999
179	112179	113180	1126	1985
181	113181	115182	113182	115183	114183	116184	115184	116185	115185	117186	116186	118187	116187	118188	117188	1189	1164	1900
190	1170	1893
191	1175	1886
192	1181	1879
193	1186	1872
194	1193	1866
195	1198	1859
196	1205	1853
197	1212	1850
198	1220	1845
199	1225	1837
200	1231	1831
201	1237	1825
202	1243	1819
203	1249	1813
204	1256	1807
205	1262	1801
206	1272	1800
207	1277	1793
208	1284	1787
209	1290	1781
210	1297	1777
211	1303	1770
212	1308	1763
213	1314	1757
214	1322	1753
215	1328	1746
216	1335	1741
217	1340	1734
218	1346	1727
219	1351	1719
220	1356	220	1404	1773
221	1410	1766
222	1416	1759
223	1422	1753
224	1429	1746
225	1435	1740
226	1441	1733
227	1449	1728
228	1454	1721
229	1461	1715
230	1467	1709
231	1473	1701
232	1479	1695
233	1485	1688
234	1492	1682
235	1497	1675
236	1503	1668
237	1509	1661
238	1515	1655
239	1521	1648
240	1528	1642
241	1532	1634
242	1538	1626
243	1543	1619
244	1549	1612
245	1555	1606
246	1562	1600
247	1568	1594
248	1577	1590
249	1582	1582
250	1589	1577
251	1596	1571
252	1601	1563
253	1608	1557
254	1614	1551
255	1620	1544
256	1626	1537
257	1633	1532
258	1639	1525
259	1644	1518
260	1651	1511
261	1657	1505
262	1663	1499
263	1669	1492
264	1676	1486
265	1682	1479
266	1688	1473
267	1694	1466
268	1700	1460
269	1706	1453
270	1711	1446
271	1718	1440
272	1724	1434
273	1730	1427
274	1736	1420
275	1742	1414
276	1748	1407
277	1754	1400
278	1760	1394
279	1766	1388
280	1772	1381
281	1779	1375
282	1785	1369
283	1792	1363
284	1797	1356
285	1804	1350
286	1810	1343
287	1816	1336
288	1821	1329
289	1827	1323
290	1833	1316
291	1838	1309
292	1844	1303
293	1850	1296
294	1857	1290
295	1863	1283
296	1869	1277
297	1875	1271
298	1881	1264
299	1886	1257
300	1892	1250
301	1899	1245
302	1905	1238
303	1911	1232
304	1917	1225
305	1924	1220
306	1932	1214
307	1938	1208
308	1944	1201
309	1950	1195
310	1955	1188
311	1961	1181
312	1967	1175
313	1973	1168
314	1979	1162
315	1986	1156
316	1992	1150
317	1999	1144
318	2005	1138
319	2013	1132
320	2021	1127
321	2028	1121
322	2034	1114
323	2041	1108
324	2047	1102
325	2054	1096
326	2059	1089
327	2064	1082
328	2069	1075
329	2076	1069
330	2082	1063
331	2089	1057
332	2095	1050
333	2102	1045
334	2108	1038
335	2115	1032
336	2122	1026
337	2129	1020
338	2135	1014
339	2143	1008
340	2150	1002
341	2157	996
342	2164	990
343	2170	984
344	2176	977
345	2183	971
346	2189	965
347	2195	958
348	2200	952
349	2207	946
350	2213	939
351	2219	933
352	2225	926
353	2231	920
354	2238	914
355	2244	907
356	2250	901
357	2258	895
358	2264	889
359	2270	882
360	2275	876
361	2282	870
362	2287	863
363	2294	857
364	2300	850
365	2305	844
366	2311	837
367	2317	831
368	2323	824
369	2328	818
370	2334	811
371	2342	805
372	2349	799
373	2353	792
374	2359	786
375	2365	779
376	2370	773
377	2376	767
378	2382	760
379	2388	754
380	2394	747
381	2401	741
382	2407	735
383	2414	729
384	2419	722
385	2425	716
386	2432	710
387	2437	703
388	2450	699
389	2456	692
390	2462	686
391	2467	679
392	2473	673
393	2480	667
394	2486	660
395	2495	655
396	2501	648
397	2507	642
398	2514	636
399	2519	629
400	2525	623
401	2531	617
402	2536	610
403	2542	604
404	2548	597
405	2554	591
406	2561	585
407	2566	578
408	2571	572
409	2577	565
410	2583	559
411	2589	553
412	2604	548
413	2611	542
414	2618	536
415	2624	529
416	2630	523
417	2636	517
418	2641	510
419	2647	504
420	2653	497
421	2658	491
422	2664	485
423	2670	478
424	2677	472
425	2683	466
426	2689	459
427	2695	453
428	2701	447
429	2707	440
430	2713	434
431	2718	427
432	2726	421
433	2732	415
434	2737	409
435	2745	402
436	2750	396
437	2756	390
438	2762	383
439	2769	377
440	2774	371
441	2780	364
442	2788	358
443	2794	352
444	2801	346
445	2808	340
446	2814	333
447	2821	327
448	2827	321
449	2833	314
450	2840	308
451	2845	302
452	2852	295
453	2857	289
454	2862	283
455	2869	276
456	2876	270
457	2881	264
458	2886	257
459	2894	251
460	2899	245
461	2905	238
462	2911	232
463	2917	226
464	2926	220
465	2936	214
466	2942	207
467	2949	201
468	2955	195
469	2962	189
470	2969	182
471	2975	176
472	2980	170
473	2987	163
474	2994	157
475	3001	151
476	3007	145
477	3014	138
478	3021	132
479	3026	126
480	3032	119
481	3038	113
482	3044	107
483	3049	100
484	3056	94
485	3061	88
486	3067	81
487	3074	75
488	3081	69
489	3088	63
490	3094	56
491	3101	50
492	3106	44
493	3111	37
494	3116	31
495	3121	25
496	3125	18
497	3131	12
498	3136	6
499	3141	0
